path,y_true,y_pred,confidence,decision,threshold
C:\Users\Mega Store\OneDrive\Documents\Default Project\capstone\ml\dataset\test\ok\ok_0000.png,ok,ok,0.9925,PASS,0.5
C:\Users\Mega Store\OneDrive\Documents\Default Project\capstone\ml\dataset\test\ok\ok_0001.png,ok,ok,0.9971,PASS,0.5
C:\Users\Mega Store\OneDrive\Documents\Default Project\capstone\ml\dataset\test\ok\ok_0002.png,ok,ok,0.9833,PASS,0.5
C:\Users\Mega Store\OneDrive\Documents\Default Project\capstone\ml\dataset\test\ok\ok_0003.png,ok,ok,0.9921,PASS,0.5
C:\Users\Mega Store\OneDrive\Documents\Default Project\capstone\ml\dataset\test\ok\ok_0004.png,ok,ok,0.9953,PASS,0.5
C:\Users\Mega Store\OneDrive\Documents\Default Project\capstone\ml\dataset\test\ok\ok_0005.png,ok,ok,0.9775,PASS,0.5
C:\Users\Mega Store\OneDrive\Documents\Default Project\capstone\ml\dataset\test\ok\ok_0006.png,ok,ok,0.9962,PASS,0.5
C:\Users\Mega Store\OneDrive\Documents\Default Project\capstone\ml\dataset\test\ok\ok_0007.png,ok,ok,0.9918,PASS,0.5
C:\Users\Mega Store\OneDrive\Documents\Default Project\capstone\ml\dataset\test\ok\ok_0008.png,ok,ok,0.985,PASS,0.5
C:\Users\Mega Store\OneDrive\Documents\Default Project\capstone\ml\dataset\test\ok\ok_0009.png,ok,ok,0.9954,PASS,0.5
C:\Users\Mega Store\OneDrive\Documents\Default Project\capstone\ml\dataset\test\ok\ok_0010.png,ok,ok,0.949,PASS,0.5
C:\Users\Mega Store\OneDrive\Documents\Default Project\capstone\ml\dataset\test\ok\ok_0011.png,ok,ok,0.9888,PASS,0.5
C:\Users\Mega Store\OneDrive\Documents\Default Project\capstone\ml\dataset\test\ok\ok_0012.png,ok,ok,0.9883,PASS,0.5
C:\Users\Mega Store\OneDrive\Documents\Default Project\capstone\ml\dataset\test\ok\ok_0013.png,ok,ok,0.9946,PASS,0.5
C:\Users\Mega Store\OneDrive\Documents\Default Project\capstone\ml\dataset\test\ok\ok_0014.png,ok,ok,0.9975,PASS,0.5
C:\Users\Mega Store\OneDrive\Documents\Default Project\capstone\ml\dataset\test\ok\ok_0015.png,ok,ok,0.9947,PASS,0.5
C:\Users\Mega Store\OneDrive\Documents\Default Project\capstone\ml\dataset\test\ok\ok_0016.png,ok,ok,0.9935,PASS,0.5
C:\Users\Mega Store\OneDrive\Documents\Default Project\capstone\ml\dataset\test\ok\ok_0017.png,ok,ok,0.999,PASS,0.5
C:\Users\Mega Store\OneDrive\Documents\Default Project\capstone\ml\dataset\test\ok\ok_0018.png,ok,ok,0.9892,PASS,0.5
C:\Users\Mega Store\OneDrive\Documents\Default Project\capstone\ml\dataset\test\ok\ok_0019.png,ok,ok,0.9693,PASS,0.5
C:\Users\Mega Store\OneDrive\Documents\Default Project\capstone\ml\dataset\test\ok\ok_0020.png,ok,ok,0.9719,PASS,0.5
C:\Users\Mega Store\OneDrive\Documents\Default Project\capstone\ml\dataset\test\ok\ok_0021.png,ok,ok,0.5132,PASS,0.5
C:\Users\Mega Store\OneDrive\Documents\Default Project\capstone\ml\dataset\test\ok\ok_0022.png,ok,ok,0.9635,PASS,0.5
C:\Users\Mega Store\OneDrive\Documents\Default Project\capstone\ml\dataset\test\ok\ok_0023.png,ok,ok,0.9788,PASS,0.5
C:\Users\Mega Store\OneDrive\Documents\Default Project\capstone\ml\dataset\test\ok\ok_0024.png,ok,ok,0.9965,PASS,0.5
C:\Users\Mega Store\OneDrive\Documents\Default Project\capstone\ml\dataset\test\ok\ok_0025.png,ok,ok,0.995,PASS,0.5
C:\Users\Mega Store\OneDrive\Documents\Default Project\capstone\ml\dataset\test\ok\ok_0026.png,ok,ok,0.9894,PASS,0.5
C:\Users\Mega Store\OneDrive\Documents\Default Project\capstone\ml\dataset\test\ok\ok_0027.png,ok,ok,0.5971,PASS,0.5
C:\Users\Mega Store\OneDrive\Documents\Default Project\capstone\ml\dataset\test\ok\ok_0028.png,ok,ok,0.9234,PASS,0.5
C:\Users\Mega Store\OneDrive\Documents\Default Project\capstone\ml\dataset\test\ok\ok_0029.png,ok,ok,0.9956,PASS,0.5
C:\Users\Mega Store\OneDrive\Documents\Default Project\capstone\ml\dataset\test\ok\ok_0030.png,ok,ok,1.0,PASS,0.5
C:\Users\Mega Store\OneDrive\Documents\Default Project\capstone\ml\dataset\test\ok\ok_0031.png,ok,ok,0.9601,PASS,0.5
C:\Users\Mega Store\OneDrive\Documents\Default Project\capstone\ml\dataset\test\ok\ok_0032.png,ok,ok,0.9188,PASS,0.5
C:\Users\Mega Store\OneDrive\Documents\Default Project\capstone\ml\dataset\test\ok\ok_0033.png,ok,ok,0.9187,PASS,0.5
C:\Users\Mega Store\OneDrive\Documents\Default Project\capstone\ml\dataset\test\ok\ok_0034.png,ok,ok,0.9331,PASS,0.5
C:\Users\Mega Store\OneDrive\Documents\Default Project\capstone\ml\dataset\test\ok\ok_0035.png,ok,ok,0.6131,PASS,0.5
C:\Users\Mega Store\OneDrive\Documents\Default Project\capstone\ml\dataset\test\ok\ok_0036.png,ok,ok,0.9825,PASS,0.5
C:\Users\Mega Store\OneDrive\Documents\Default Project\capstone\ml\dataset\test\ok\ok_0037.png,ok,ok,0.9808,PASS,0.5
C:\Users\Mega Store\OneDrive\Documents\Default Project\capstone\ml\dataset\test\ok\ok_0038.png,ok,ok,0.99,PASS,0.5
C:\Users\Mega Store\OneDrive\Documents\Default Project\capstone\ml\dataset\test\ok\ok_0039.png,ok,ok,0.6983,PASS,0.5
C:\Users\Mega Store\OneDrive\Documents\Default Project\capstone\ml\dataset\test\ok\ok_0040.png,ok,ok,0.9718,PASS,0.5
C:\Users\Mega Store\OneDrive\Documents\Default Project\capstone\ml\dataset\test\ok\ok_0041.png,ok,ok,0.9376,PASS,0.5
C:\Users\Mega Store\OneDrive\Documents\Default Project\capstone\ml\dataset\test\ok\ok_0042.png,ok,ok,0.59,PASS,0.5
C:\Users\Mega Store\OneDrive\Documents\Default Project\capstone\ml\dataset\test\ok\ok_0043.png,ok,ok,0.9975,PASS,0.5
C:\Users\Mega Store\OneDrive\Documents\Default Project\capstone\ml\dataset\test\ok\ok_0044.png,ok,ok,0.9587,PASS,0.5
C:\Users\Mega Store\OneDrive\Documents\Default Project\capstone\ml\dataset\test\ok\ok_0045.png,ok,ok,0.9988,PASS,0.5
C:\Users\Mega Store\OneDrive\Documents\Default Project\capstone\ml\dataset\test\ok\ok_0046.png,ok,ok,0.9904,PASS,0.5
C:\Users\Mega Store\OneDrive\Documents\Default Project\capstone\ml\dataset\test\ok\ok_0047.png,ok,ok,0.9988,PASS,0.5
C:\Users\Mega Store\OneDrive\Documents\Default Project\capstone\ml\dataset\test\ok\ok_0048.png,ok,ok,0.9673,PASS,0.5
C:\Users\Mega Store\OneDrive\Documents\Default Project\capstone\ml\dataset\test\ok\ok_0049.png,ok,ok,0.9969,PASS,0.5
C:\Users\Mega Store\OneDrive\Documents\Default Project\capstone\ml\dataset\test\ok\ok_0050.png,ok,ok,0.9994,PASS,0.5
C:\Users\Mega Store\OneDrive\Documents\Default Project\capstone\ml\dataset\test\ok\ok_0051.png,ok,ok,0.9958,PASS,0.5
C:\Users\Mega Store\OneDrive\Documents\Default Project\capstone\ml\dataset\test\ok\ok_0052.png,ok,ok,0.9699,PASS,0.5
C:\Users\Mega Store\OneDrive\Documents\Default Project\capstone\ml\dataset\test\ok\ok_0053.png,ok,ok,0.4664,FAIL,0.5
C:\Users\Mega Store\OneDrive\Documents\Default Project\capstone\ml\dataset\test\ok\ok_0054.png,ok,ok,0.9898,PASS,0.5
C:\Users\Mega Store\OneDrive\Documents\Default Project\capstone\ml\dataset\test\ok\ok_0055.png,ok,ok,0.9925,PASS,0.5
C:\Users\Mega Store\OneDrive\Documents\Default Project\capstone\ml\dataset\test\ok\ok_0056.png,ok,ok,0.9904,PASS,0.5
C:\Users\Mega Store\OneDrive\Documents\Default Project\capstone\ml\dataset\test\ok\ok_0057.png,ok,ok,1.0,PASS,0.5
C:\Users\Mega Store\OneDrive\Documents\Default Project\capstone\ml\dataset\test\ok\ok_0058.png,ok,ok,0.7554,PASS,0.5
C:\Users\Mega Store\OneDrive\Documents\Default Project\capstone\ml\dataset\test\ok\ok_0059.png,ok,ok,0.9946,PASS,0.5
C:\Users\Mega Store\OneDrive\Documents\Default Project\capstone\ml\dataset\test\ok\ok_0060.png,ok,ok,0.8368,PASS,0.5
C:\Users\Mega Store\OneDrive\Documents\Default Project\capstone\ml\dataset\test\ok\ok_0061.png,ok,ok,1.0,PASS,0.5
C:\Users\Mega Store\OneDrive\Documents\Default Project\capstone\ml\dataset\test\ok\ok_0062.png,ok,ok,0.8366,PASS,0.5
C:\Users\Mega Store\OneDrive\Documents\Default Project\capstone\ml\dataset\test\ok\ok_0063.png,ok,ok,0.9775,PASS,0.5
C:\Users\Mega Store\OneDrive\Documents\Default Project\capstone\ml\dataset\test\ok\ok_0064.png,ok,ok,0.985,PASS,0.5
C:\Users\Mega Store\OneDrive\Documents\Default Project\capstone\ml\dataset\test\ok\ok_0065.png,ok,ok,1.0,PASS,0.5
C:\Users\Mega Store\OneDrive\Documents\Default Project\capstone\ml\dataset\test\ok\ok_0066.png,ok,ok,0.995,PASS,0.5
C:\Users\Mega Store\OneDrive\Documents\Default Project\capstone\ml\dataset\test\ok\ok_0067.png,ok,ok,0.7027,PASS,0.5
C:\Users\Mega Store\OneDrive\Documents\Default Project\capstone\ml\dataset\test\ok\ok_0068.png,ok,ok,0.9912,PASS,0.5
C:\Users\Mega Store\OneDrive\Documents\Default Project\capstone\ml\dataset\test\ok\ok_0069.png,ok,ok,0.9958,PASS,0.5
C:\Users\Mega Store\OneDrive\Documents\Default Project\capstone\ml\dataset\test\ok\ok_0070.png,ok,ok,0.9975,PASS,0.5
C:\Users\Mega Store\OneDrive\Documents\Default Project\capstone\ml\dataset\test\ok\ok_0071.png,ok,ok,0.9938,PASS,0.5
C:\Users\Mega Store\OneDrive\Documents\Default Project\capstone\ml\dataset\test\ok\ok_0072.png,ok,ok,0.9897,PASS,0.5
C:\Users\Mega Store\OneDrive\Documents\Default Project\capstone\ml\dataset\test\ok\ok_0073.png,ok,ok,1.0,PASS,0.5
C:\Users\Mega Store\OneDrive\Documents\Default Project\capstone\ml\dataset\test\ok\ok_0074.png,ok,ok,0.9898,PASS,0.5
C:\Users\Mega Store\OneDrive\Documents\Default Project\capstone\ml\dataset\test\hole\hole_0000.png,hole,hole,0.959,FAIL,0.5
C:\Users\Mega Store\OneDrive\Documents\Default Project\capstone\ml\dataset\test\hole\hole_0001.png,hole,hole,0.9241,FAIL,0.5
C:\Users\Mega Store\OneDrive\Documents\Default Project\capstone\ml\dataset\test\hole\hole_0002.png,hole,hole,0.9725,FAIL,0.5
C:\Users\Mega Store\OneDrive\Documents\Default Project\capstone\ml\dataset\test\hole\hole_0003.png,hole,hole,0.297,FAIL,0.5
C:\Users\Mega Store\OneDrive\Documents\Default Project\capstone\ml\dataset\test\hole\hole_0004.png,hole,hole,0.9439,FAIL,0.5
C:\Users\Mega Store\OneDrive\Documents\Default Project\capstone\ml\dataset\test\hole\hole_0005.png,hole,hole,0.9577,FAIL,0.5
C:\Users\Mega Store\OneDrive\Documents\Default Project\capstone\ml\dataset\test\hole\hole_0006.png,hole,hole,0.8513,FAIL,0.5
C:\Users\Mega Store\OneDrive\Documents\Default Project\capstone\ml\dataset\test\hole\hole_0007.png,hole,hole,0.8161,FAIL,0.5
C:\Users\Mega Store\OneDrive\Documents\Default Project\capstone\ml\dataset\test\hole\hole_0008.png,hole,hole,0.5205,FAIL,0.5
C:\Users\Mega Store\OneDrive\Documents\Default Project\capstone\ml\dataset\test\hole\hole_0009.png,hole,hole,0.8255,FAIL,0.5
C:\Users\Mega Store\OneDrive\Documents\Default Project\capstone\ml\dataset\test\hole\hole_0010.png,hole,hole,0.9573,FAIL,0.5
C:\Users\Mega Store\OneDrive\Documents\Default Project\capstone\ml\dataset\test\hole\hole_0011.png,hole,hole,0.792,FAIL,0.5
C:\Users\Mega Store\OneDrive\Documents\Default Project\capstone\ml\dataset\test\hole\hole_0012.png,hole,hole,0.8842,FAIL,0.5
C:\Users\Mega Store\OneDrive\Documents\Default Project\capstone\ml\dataset\test\hole\hole_0013.png,hole,hole,0.9771,FAIL,0.5
C:\Users\Mega Store\OneDrive\Documents\Default Project\capstone\ml\dataset\test\hole\hole_0014.png,hole,hole,0.978,FAIL,0.5
C:\Users\Mega Store\OneDrive\Documents\Default Project\capstone\ml\dataset\test\hole\hole_0015.png,hole,hole,0.3095,FAIL,0.5
C:\Users\Mega Store\OneDrive\Documents\Default Project\capstone\ml\dataset\test\hole\hole_0016.png,hole,hole,0.9696,FAIL,0.5
C:\Users\Mega Store\OneDrive\Documents\Default Project\capstone\ml\dataset\test\hole\hole_0017.png,hole,hole,0.9519,FAIL,0.5
C:\Users\Mega Store\OneDrive\Documents\Default Project\capstone\ml\dataset\test\hole\hole_0018.png,hole,hole,0.7177,FAIL,0.5
C:\Users\Mega Store\OneDrive\Documents\Default Project\capstone\ml\dataset\test\hole\hole_0019.png,hole,hole,0.9492,FAIL,0.5
C:\Users\Mega Store\OneDrive\Documents\Default Project\capstone\ml\dataset\test\hole\hole_0020.png,hole,hole,0.9788,FAIL,0.5
C:\Users\Mega Store\OneDrive\Documents\Default Project\capstone\ml\dataset\test\hole\hole_0021.png,hole,hole,0.3343,FAIL,0.5
C:\Users\Mega Store\OneDrive\Documents\Default Project\capstone\ml\dataset\test\hole\hole_0022.png,hole,hole,0.8738,FAIL,0.5
C:\Users\Mega Store\OneDrive\Documents\Default Project\capstone\ml\dataset\test\hole\hole_0023.png,hole,print_misalignment,0.3539,FAIL,0.5
C:\Users\Mega Store\OneDrive\Documents\Default Project\capstone\ml\dataset\test\hole\hole_0024.png,hole,hole,0.9503,FAIL,0.5
C:\Users\Mega Store\OneDrive\Documents\Default Project\capstone\ml\dataset\test\hole\hole_0025.png,hole,hole,0.7645,FAIL,0.5
C:\Users\Mega Store\OneDrive\Documents\Default Project\capstone\ml\dataset\test\hole\hole_0026.png,hole,hole,0.953,FAIL,0.5
C:\Users\Mega Store\OneDrive\Documents\Default Project\capstone\ml\dataset\test\hole\hole_0027.png,hole,hole,0.6371,FAIL,0.5
C:\Users\Mega Store\OneDrive\Documents\Default Project\capstone\ml\dataset\test\hole\hole_0028.png,hole,hole,0.8676,FAIL,0.5
C:\Users\Mega Store\OneDrive\Documents\Default Project\capstone\ml\dataset\test\hole\hole_0029.png,hole,hole,0.9392,FAIL,0.5
C:\Users\Mega Store\OneDrive\Documents\Default Project\capstone\ml\dataset\test\hole\hole_0030.png,hole,broken_thread,0.281,FAIL,0.5
C:\Users\Mega Store\OneDrive\Documents\Default Project\capstone\ml\dataset\test\hole\hole_0031.png,hole,hole,0.9378,FAIL,0.5
C:\Users\Mega Store\OneDrive\Documents\Default Project\capstone\ml\dataset\test\hole\hole_0032.png,hole,print_misalignment,0.5838,FAIL,0.5
C:\Users\Mega Store\OneDrive\Documents\Default Project\capstone\ml\dataset\test\hole\hole_0033.png,hole,print_misalignment,0.4176,FAIL,0.5
C:\Users\Mega Store\OneDrive\Documents\Default Project\capstone\ml\dataset\test\hole\hole_0034.png,hole,hole,0.9733,FAIL,0.5
C:\Users\Mega Store\OneDrive\Documents\Default Project\capstone\ml\dataset\test\hole\hole_0035.png,hole,hole,0.7927,FAIL,0.5
C:\Users\Mega Store\OneDrive\Documents\Default Project\capstone\ml\dataset\test\hole\hole_0036.png,hole,hole,0.6948,FAIL,0.5
C:\Users\Mega Store\OneDrive\Documents\Default Project\capstone\ml\dataset\test\hole\hole_0037.png,hole,hole,0.8798,FAIL,0.5
C:\Users\Mega Store\OneDrive\Documents\Default Project\capstone\ml\dataset\test\hole\hole_0038.png,hole,hole,0.9554,FAIL,0.5
C:\Users\Mega Store\OneDrive\Documents\Default Project\capstone\ml\dataset\test\hole\hole_0039.png,hole,hole,0.827,FAIL,0.5
C:\Users\Mega Store\OneDrive\Documents\Default Project\capstone\ml\dataset\test\hole\hole_0040.png,hole,hole,0.9586,FAIL,0.5
C:\Users\Mega Store\OneDrive\Documents\Default Project\capstone\ml\dataset\test\hole\hole_0041.png,hole,hole,0.6568,FAIL,0.5
C:\Users\Mega Store\OneDrive\Documents\Default Project\capstone\ml\dataset\test\hole\hole_0042.png,hole,hole,0.8553,FAIL,0.5
C:\Users\Mega Store\OneDrive\Documents\Default Project\capstone\ml\dataset\test\hole\hole_0043.png,hole,hole,0.7785,FAIL,0.5
C:\Users\Mega Store\OneDrive\Documents\Default Project\capstone\ml\dataset\test\hole\hole_0044.png,hole,hole,0.9604,FAIL,0.5
C:\Users\Mega Store\OneDrive\Documents\Default Project\capstone\ml\dataset\test\hole\hole_0045.png,hole,hole,0.9492,FAIL,0.5
C:\Users\Mega Store\OneDrive\Documents\Default Project\capstone\ml\dataset\test\hole\hole_0046.png,hole,hole,0.9284,FAIL,0.5
C:\Users\Mega Store\OneDrive\Documents\Default Project\capstone\ml\dataset\test\hole\hole_0047.png,hole,hole,0.4404,FAIL,0.5
C:\Users\Mega Store\OneDrive\Documents\Default Project\capstone\ml\dataset\test\hole\hole_0048.png,hole,hole,0.8933,FAIL,0.5
C:\Users\Mega Store\OneDrive\Documents\Default Project\capstone\ml\dataset\test\hole\hole_0049.png,hole,print_misalignment,0.3529,FAIL,0.5
C:\Users\Mega Store\OneDrive\Documents\Default Project\capstone\ml\dataset\test\hole\hole_0050.png,hole,hole,0.9625,FAIL,0.5
C:\Users\Mega Store\OneDrive\Documents\Default Project\capstone\ml\dataset\test\hole\hole_0051.png,hole,hole,0.8789,FAIL,0.5
C:\Users\Mega Store\OneDrive\Documents\Default Project\capstone\ml\dataset\test\hole\hole_0052.png,hole,hole,0.7778,FAIL,0.5
C:\Users\Mega Store\OneDrive\Documents\Default Project\capstone\ml\dataset\test\hole\hole_0053.png,hole,hole,0.6216,FAIL,0.5
C:\Users\Mega Store\OneDrive\Documents\Default Project\capstone\ml\dataset\test\hole\hole_0054.png,hole,hole,0.2885,FAIL,0.5
C:\Users\Mega Store\OneDrive\Documents\Default Project\capstone\ml\dataset\test\hole\hole_0055.png,hole,hole,0.3349,FAIL,0.5
C:\Users\Mega Store\OneDrive\Documents\Default Project\capstone\ml\dataset\test\hole\hole_0056.png,hole,hole,0.3913,FAIL,0.5
C:\Users\Mega Store\OneDrive\Documents\Default Project\capstone\ml\dataset\test\hole\hole_0057.png,hole,hole,0.3426,FAIL,0.5
C:\Users\Mega Store\OneDrive\Documents\Default Project\capstone\ml\dataset\test\hole\hole_0058.png,hole,hole,0.6849,FAIL,0.5
C:\Users\Mega Store\OneDrive\Documents\Default Project\capstone\ml\dataset\test\hole\hole_0059.png,hole,hole,0.3863,FAIL,0.5
C:\Users\Mega Store\OneDrive\Documents\Default Project\capstone\ml\dataset\test\hole\hole_0060.png,hole,hole,0.7188,FAIL,0.5
C:\Users\Mega Store\OneDrive\Documents\Default Project\capstone\ml\dataset\test\hole\hole_0061.png,hole,hole,0.2536,FAIL,0.5
C:\Users\Mega Store\OneDrive\Documents\Default Project\capstone\ml\dataset\test\hole\hole_0062.png,hole,hole,0.951,FAIL,0.5
C:\Users\Mega Store\OneDrive\Documents\Default Project\capstone\ml\dataset\test\hole\hole_0063.png,hole,hole,0.9138,FAIL,0.5
C:\Users\Mega Store\OneDrive\Documents\Default Project\capstone\ml\dataset\test\hole\hole_0064.png,hole,hole,0.7943,FAIL,0.5
C:\Users\Mega Store\OneDrive\Documents\Default Project\capstone\ml\dataset\test\hole\hole_0065.png,hole,hole,0.4709,FAIL,0.5
C:\Users\Mega Store\OneDrive\Documents\Default Project\capstone\ml\dataset\test\hole\hole_0066.png,hole,hole,0.3839,FAIL,0.5
C:\Users\Mega Store\OneDrive\Documents\Default Project\capstone\ml\dataset\test\hole\hole_0067.png,hole,hole,0.9585,FAIL,0.5
C:\Users\Mega Store\OneDrive\Documents\Default Project\capstone\ml\dataset\test\hole\hole_0068.png,hole,hole,0.9673,FAIL,0.5
C:\Users\Mega Store\OneDrive\Documents\Default Project\capstone\ml\dataset\test\hole\hole_0069.png,hole,hole,0.9477,FAIL,0.5
C:\Users\Mega Store\OneDrive\Documents\Default Project\capstone\ml\dataset\test\hole\hole_0070.png,hole,hole,0.957,FAIL,0.5
C:\Users\Mega Store\OneDrive\Documents\Default Project\capstone\ml\dataset\test\hole\hole_0071.png,hole,hole,0.9613,FAIL,0.5
C:\Users\Mega Store\OneDrive\Documents\Default Project\capstone\ml\dataset\test\hole\hole_0072.png,hole,hole,0.9645,FAIL,0.5
C:\Users\Mega Store\OneDrive\Documents\Default Project\capstone\ml\dataset\test\hole\hole_0073.png,hole,hole,0.8616,FAIL,0.5
C:\Users\Mega Store\OneDrive\Documents\Default Project\capstone\ml\dataset\test\hole\hole_0074.png,hole,hole,0.8896,FAIL,0.5
C:\Users\Mega Store\OneDrive\Documents\Default Project\capstone\ml\dataset\test\stain\stain_0000.png,stain,stain,0.4061,FAIL,0.5
C:\Users\Mega Store\OneDrive\Documents\Default Project\capstone\ml\dataset\test\stain\stain_0001.png,stain,stain,0.7776,FAIL,0.5
C:\Users\Mega Store\OneDrive\Documents\Default Project\capstone\ml\dataset\test\stain\stain_0002.png,stain,stain,0.7725,FAIL,0.5
C:\Users\Mega Store\OneDrive\Documents\Default Project\capstone\ml\dataset\test\stain\stain_0003.png,stain,stain,0.3943,FAIL,0.5
C:\Users\Mega Store\OneDrive\Documents\Default Project\capstone\ml\dataset\test\stain\stain_0004.png,stain,stain,0.6109,FAIL,0.5
C:\Users\Mega Store\OneDrive\Documents\Default Project\capstone\ml\dataset\test\stain\stain_0005.png,stain,stain,0.8246,FAIL,0.5
C:\Users\Mega Store\OneDrive\Documents\Default Project\capstone\ml\dataset\test\stain\stain_0006.png,stain,stain,0.7223,FAIL,0.5
C:\Users\Mega Store\OneDrive\Documents\Default Project\capstone\ml\dataset\test\stain\stain_0007.png,stain,stain,0.7676,FAIL,0.5
C:\Users\Mega Store\OneDrive\Documents\Default Project\capstone\ml\dataset\test\stain\stain_0008.png,stain,stain,0.816,FAIL,0.5
C:\Users\Mega Store\OneDrive\Documents\Default Project\capstone\ml\dataset\test\stain\stain_0009.png,stain,print_misalignment,0.3377,FAIL,0.5
C:\Users\Mega Store\OneDrive\Documents\Default Project\capstone\ml\dataset\test\stain\stain_0010.png,stain,stain,0.9594,FAIL,0.5
C:\Users\Mega Store\OneDrive\Documents\Default Project\capstone\ml\dataset\test\stain\stain_0011.png,stain,stain,0.7323,FAIL,0.5
C:\Users\Mega Store\OneDrive\Documents\Default Project\capstone\ml\dataset\test\stain\stain_0012.png,stain,broken_thread,0.5546,FAIL,0.5
C:\Users\Mega Store\OneDrive\Documents\Default Project\capstone\ml\dataset\test\stain\stain_0013.png,stain,stain,0.688,FAIL,0.5
C:\Users\Mega Store\OneDrive\Documents\Default Project\capstone\ml\dataset\test\stain\stain_0014.png,stain,stain,0.7325,FAIL,0.5
C:\Users\Mega Store\OneDrive\Documents\Default Project\capstone\ml\dataset\test\stain\stain_0015.png,stain,stain,0.7029,FAIL,0.5
C:\Users\Mega Store\OneDrive\Documents\Default Project\capstone\ml\dataset\test\stain\stain_0016.png,stain,stain,0.4812,FAIL,0.5
C:\Users\Mega Store\OneDrive\Documents\Default Project\capstone\ml\dataset\test\stain\stain_0017.png,stain,stain,0.3466,FAIL,0.5
C:\Users\Mega Store\OneDrive\Documents\Default Project\capstone\ml\dataset\test\stain\stain_0018.png,stain,shade_variation,0.4366,FAIL,0.5
C:\Users\Mega Store\OneDrive\Documents\Default Project\capstone\ml\dataset\test\stain\stain_0019.png,stain,stain,0.7065,FAIL,0.5
C:\Users\Mega Store\OneDrive\Documents\Default Project\capstone\ml\dataset\test\stain\stain_0020.png,stain,print_misalignment,0.585,FAIL,0.5
C:\Users\Mega Store\OneDrive\Documents\Default Project\capstone\ml\dataset\test\stain\stain_0021.png,stain,stain,0.7543,FAIL,0.5
C:\Users\Mega Store\OneDrive\Documents\Default Project\capstone\ml\dataset\test\stain\stain_0022.png,stain,stain,0.8766,FAIL,0.5
C:\Users\Mega Store\OneDrive\Documents\Default Project\capstone\ml\dataset\test\stain\stain_0023.png,stain,stain,0.7989,FAIL,0.5
C:\Users\Mega Store\OneDrive\Documents\Default Project\capstone\ml\dataset\test\stain\stain_0024.png,stain,shade_variation,0.5212,FAIL,0.5
C:\Users\Mega Store\OneDrive\Documents\Default Project\capstone\ml\dataset\test\stain\stain_0025.png,stain,broken_thread,0.3645,FAIL,0.5
C:\Users\Mega Store\OneDrive\Documents\Default Project\capstone\ml\dataset\test\stain\stain_0026.png,stain,stain,0.3828,FAIL,0.5
C:\Users\Mega Store\OneDrive\Documents\Default Project\capstone\ml\dataset\test\stain\stain_0027.png,stain,stain,0.9149,FAIL,0.5
C:\Users\Mega Store\OneDrive\Documents\Default Project\capstone\ml\dataset\test\stain\stain_0028.png,stain,stain,0.96,FAIL,0.5
C:\Users\Mega Store\OneDrive\Documents\Default Project\capstone\ml\dataset\test\stain\stain_0029.png,stain,stain,0.9825,FAIL,0.5
C:\Users\Mega Store\OneDrive\Documents\Default Project\capstone\ml\dataset\test\stain\stain_0030.png,stain,stain,0.551,FAIL,0.5
C:\Users\Mega Store\OneDrive\Documents\Default Project\capstone\ml\dataset\test\stain\stain_0031.png,stain,stain,0.6858,FAIL,0.5
C:\Users\Mega Store\OneDrive\Documents\Default Project\capstone\ml\dataset\test\stain\stain_0032.png,stain,stain,0.672,FAIL,0.5
C:\Users\Mega Store\OneDrive\Documents\Default Project\capstone\ml\dataset\test\stain\stain_0033.png,stain,stain,0.7165,FAIL,0.5
C:\Users\Mega Store\OneDrive\Documents\Default Project\capstone\ml\dataset\test\stain\stain_0034.png,stain,stain,0.7147,FAIL,0.5
C:\Users\Mega Store\OneDrive\Documents\Default Project\capstone\ml\dataset\test\stain\stain_0035.png,stain,stain,0.947,FAIL,0.5
C:\Users\Mega Store\OneDrive\Documents\Default Project\capstone\ml\dataset\test\stain\stain_0036.png,stain,stain,0.503,FAIL,0.5
C:\Users\Mega Store\OneDrive\Documents\Default Project\capstone\ml\dataset\test\stain\stain_0037.png,stain,stain,0.741,FAIL,0.5
C:\Users\Mega Store\OneDrive\Documents\Default Project\capstone\ml\dataset\test\stain\stain_0038.png,stain,stain,0.8193,FAIL,0.5
C:\Users\Mega Store\OneDrive\Documents\Default Project\capstone\ml\dataset\test\stain\stain_0039.png,stain,stain,0.7555,FAIL,0.5
C:\Users\Mega Store\OneDrive\Documents\Default Project\capstone\ml\dataset\test\stain\stain_0040.png,stain,stain,0.4682,FAIL,0.5
C:\Users\Mega Store\OneDrive\Documents\Default Project\capstone\ml\dataset\test\stain\stain_0041.png,stain,stain,0.7017,FAIL,0.5
C:\Users\Mega Store\OneDrive\Documents\Default Project\capstone\ml\dataset\test\stain\stain_0042.png,stain,stain,0.5971,FAIL,0.5
C:\Users\Mega Store\OneDrive\Documents\Default Project\capstone\ml\dataset\test\stain\stain_0043.png,stain,stain,0.3341,FAIL,0.5
C:\Users\Mega Store\OneDrive\Documents\Default Project\capstone\ml\dataset\test\stain\stain_0044.png,stain,stain,0.8632,FAIL,0.5
C:\Users\Mega Store\OneDrive\Documents\Default Project\capstone\ml\dataset\test\stain\stain_0045.png,stain,stain,0.7225,FAIL,0.5
C:\Users\Mega Store\OneDrive\Documents\Default Project\capstone\ml\dataset\test\stain\stain_0046.png,stain,stain,0.785,FAIL,0.5
C:\Users\Mega Store\OneDrive\Documents\Default Project\capstone\ml\dataset\test\stain\stain_0047.png,stain,stain,0.96,FAIL,0.5
C:\Users\Mega Store\OneDrive\Documents\Default Project\capstone\ml\dataset\test\stain\stain_0048.png,stain,print_misalignment,0.3571,FAIL,0.5
C:\Users\Mega Store\OneDrive\Documents\Default Project\capstone\ml\dataset\test\stain\stain_0049.png,stain,stain,0.7948,FAIL,0.5
C:\Users\Mega Store\OneDrive\Documents\Default Project\capstone\ml\dataset\test\stain\stain_0050.png,stain,stain,0.2862,FAIL,0.5
C:\Users\Mega Store\OneDrive\Documents\Default Project\capstone\ml\dataset\test\stain\stain_0051.png,stain,hole,0.2522,FAIL,0.5
C:\Users\Mega Store\OneDrive\Documents\Default Project\capstone\ml\dataset\test\stain\stain_0052.png,stain,stain,0.8882,FAIL,0.5
C:\Users\Mega Store\OneDrive\Documents\Default Project\capstone\ml\dataset\test\stain\stain_0053.png,stain,stain,0.9098,FAIL,0.5
C:\Users\Mega Store\OneDrive\Documents\Default Project\capstone\ml\dataset\test\stain\stain_0054.png,stain,broken_thread,0.3273,FAIL,0.5
C:\Users\Mega Store\OneDrive\Documents\Default Project\capstone\ml\dataset\test\stain\stain_0055.png,stain,stain,0.5825,FAIL,0.5
C:\Users\Mega Store\OneDrive\Documents\Default Project\capstone\ml\dataset\test\stain\stain_0056.png,stain,stain,0.8138,FAIL,0.5
C:\Users\Mega Store\OneDrive\Documents\Default Project\capstone\ml\dataset\test\stain\stain_0057.png,stain,stain,0.3688,FAIL,0.5
C:\Users\Mega Store\OneDrive\Documents\Default Project\capstone\ml\dataset\test\stain\stain_0058.png,stain,stain,0.9306,FAIL,0.5
C:\Users\Mega Store\OneDrive\Documents\Default Project\capstone\ml\dataset\test\stain\stain_0059.png,stain,stain,0.858,FAIL,0.5
C:\Users\Mega Store\OneDrive\Documents\Default Project\capstone\ml\dataset\test\stain\stain_0060.png,stain,broken_thread,0.3213,FAIL,0.5
C:\Users\Mega Store\OneDrive\Documents\Default Project\capstone\ml\dataset\test\stain\stain_0061.png,stain,stain,0.5917,FAIL,0.5
C:\Users\Mega Store\OneDrive\Documents\Default Project\capstone\ml\dataset\test\stain\stain_0062.png,stain,stain,0.8356,FAIL,0.5
C:\Users\Mega Store\OneDrive\Documents\Default Project\capstone\ml\dataset\test\stain\stain_0063.png,stain,stain,0.8396,FAIL,0.5
C:\Users\Mega Store\OneDrive\Documents\Default Project\capstone\ml\dataset\test\stain\stain_0064.png,stain,stain,0.9409,FAIL,0.5
C:\Users\Mega Store\OneDrive\Documents\Default Project\capstone\ml\dataset\test\stain\stain_0065.png,stain,stain,0.9502,FAIL,0.5
C:\Users\Mega Store\OneDrive\Documents\Default Project\capstone\ml\dataset\test\stain\stain_0066.png,stain,hole,0.2094,FAIL,0.5
C:\Users\Mega Store\OneDrive\Documents\Default Project\capstone\ml\dataset\test\stain\stain_0067.png,stain,stain,0.7471,FAIL,0.5
C:\Users\Mega Store\OneDrive\Documents\Default Project\capstone\ml\dataset\test\stain\stain_0068.png,stain,stain,0.3506,FAIL,0.5
C:\Users\Mega Store\OneDrive\Documents\Default Project\capstone\ml\dataset\test\stain\stain_0069.png,stain,stain,0.5483,FAIL,0.5
C:\Users\Mega Store\OneDrive\Documents\Default Project\capstone\ml\dataset\test\stain\stain_0070.png,stain,stain,0.8254,FAIL,0.5
C:\Users\Mega Store\OneDrive\Documents\Default Project\capstone\ml\dataset\test\stain\stain_0071.png,stain,stain,0.5663,FAIL,0.5
C:\Users\Mega Store\OneDrive\Documents\Default Project\capstone\ml\dataset\test\stain\stain_0072.png,stain,broken_thread,0.3943,FAIL,0.5
C:\Users\Mega Store\OneDrive\Documents\Default Project\capstone\ml\dataset\test\stain\stain_0073.png,stain,stain,0.7844,FAIL,0.5
C:\Users\Mega Store\OneDrive\Documents\Default Project\capstone\ml\dataset\test\stain\stain_0074.png,stain,stain,0.9077,FAIL,0.5
C:\Users\Mega Store\OneDrive\Documents\Default Project\capstone\ml\dataset\test\broken_thread\broken_thread_0000.png,broken_thread,broken_thread,0.9158,FAIL,0.5
C:\Users\Mega Store\OneDrive\Documents\Default Project\capstone\ml\dataset\test\broken_thread\broken_thread_0001.png,broken_thread,broken_thread,0.7314,FAIL,0.5
C:\Users\Mega Store\OneDrive\Documents\Default Project\capstone\ml\dataset\test\broken_thread\broken_thread_0002.png,broken_thread,broken_thread,0.6641,FAIL,0.5
C:\Users\Mega Store\OneDrive\Documents\Default Project\capstone\ml\dataset\test\broken_thread\broken_thread_0003.png,broken_thread,shade_variation,0.4585,FAIL,0.5
C:\Users\Mega Store\OneDrive\Documents\Default Project\capstone\ml\dataset\test\broken_thread\broken_thread_0004.png,broken_thread,broken_thread,0.8072,FAIL,0.5
C:\Users\Mega Store\OneDrive\Documents\Default Project\capstone\ml\dataset\test\broken_thread\broken_thread_0005.png,broken_thread,broken_thread,0.8333,FAIL,0.5
C:\Users\Mega Store\OneDrive\Documents\Default Project\capstone\ml\dataset\test\broken_thread\broken_thread_0006.png,broken_thread,broken_thread,0.9445,FAIL,0.5
C:\Users\Mega Store\OneDrive\Documents\Default Project\capstone\ml\dataset\test\broken_thread\broken_thread_0007.png,broken_thread,broken_thread,0.6798,FAIL,0.5
C:\Users\Mega Store\OneDrive\Documents\Default Project\capstone\ml\dataset\test\broken_thread\broken_thread_0008.png,broken_thread,shade_variation,0.3386,FAIL,0.5
C:\Users\Mega Store\OneDrive\Documents\Default Project\capstone\ml\dataset\test\broken_thread\broken_thread_0009.png,broken_thread,broken_thread,0.3804,FAIL,0.5
C:\Users\Mega Store\OneDrive\Documents\Default Project\capstone\ml\dataset\test\broken_thread\broken_thread_0010.png,broken_thread,broken_thread,0.9287,FAIL,0.5
C:\Users\Mega Store\OneDrive\Documents\Default Project\capstone\ml\dataset\test\broken_thread\broken_thread_0011.png,broken_thread,broken_thread,0.6844,FAIL,0.5
C:\Users\Mega Store\OneDrive\Documents\Default Project\capstone\ml\dataset\test\broken_thread\broken_thread_0012.png,broken_thread,broken_thread,0.7883,FAIL,0.5
C:\Users\Mega Store\OneDrive\Documents\Default Project\capstone\ml\dataset\test\broken_thread\broken_thread_0013.png,broken_thread,broken_thread,0.4411,FAIL,0.5
C:\Users\Mega Store\OneDrive\Documents\Default Project\capstone\ml\dataset\test\broken_thread\broken_thread_0014.png,broken_thread,broken_thread,0.9158,FAIL,0.5
C:\Users\Mega Store\OneDrive\Documents\Default Project\capstone\ml\dataset\test\broken_thread\broken_thread_0015.png,broken_thread,print_misalignment,0.7024,FAIL,0.5
C:\Users\Mega Store\OneDrive\Documents\Default Project\capstone\ml\dataset\test\broken_thread\broken_thread_0016.png,broken_thread,broken_thread,0.509,FAIL,0.5
C:\Users\Mega Store\OneDrive\Documents\Default Project\capstone\ml\dataset\test\broken_thread\broken_thread_0017.png,broken_thread,broken_thread,0.2847,FAIL,0.5
C:\Users\Mega Store\OneDrive\Documents\Default Project\capstone\ml\dataset\test\broken_thread\broken_thread_0018.png,broken_thread,broken_thread,0.793,FAIL,0.5
C:\Users\Mega Store\OneDrive\Documents\Default Project\capstone\ml\dataset\test\broken_thread\broken_thread_0019.png,broken_thread,broken_thread,0.5173,FAIL,0.5
C:\Users\Mega Store\OneDrive\Documents\Default Project\capstone\ml\dataset\test\broken_thread\broken_thread_0020.png,broken_thread,broken_thread,0.9208,FAIL,0.5
C:\Users\Mega Store\OneDrive\Documents\Default Project\capstone\ml\dataset\test\broken_thread\broken_thread_0021.png,broken_thread,broken_thread,0.6791,FAIL,0.5
C:\Users\Mega Store\OneDrive\Documents\Default Project\capstone\ml\dataset\test\broken_thread\broken_thread_0022.png,broken_thread,broken_thread,0.958,FAIL,0.5
C:\Users\Mega Store\OneDrive\Documents\Default Project\capstone\ml\dataset\test\broken_thread\broken_thread_0023.png,broken_thread,print_misalignment,0.491,FAIL,0.5
C:\Users\Mega Store\OneDrive\Documents\Default Project\capstone\ml\dataset\test\broken_thread\broken_thread_0024.png,broken_thread,broken_thread,0.7866,FAIL,0.5
C:\Users\Mega Store\OneDrive\Documents\Default Project\capstone\ml\dataset\test\broken_thread\broken_thread_0025.png,broken_thread,broken_thread,0.895,FAIL,0.5
C:\Users\Mega Store\OneDrive\Documents\Default Project\capstone\ml\dataset\test\broken_thread\broken_thread_0026.png,broken_thread,broken_thread,0.9194,FAIL,0.5
C:\Users\Mega Store\OneDrive\Documents\Default Project\capstone\ml\dataset\test\broken_thread\broken_thread_0027.png,broken_thread,broken_thread,0.8302,FAIL,0.5
C:\Users\Mega Store\OneDrive\Documents\Default Project\capstone\ml\dataset\test\broken_thread\broken_thread_0028.png,broken_thread,broken_thread,0.8812,FAIL,0.5
C:\Users\Mega Store\OneDrive\Documents\Default Project\capstone\ml\dataset\test\broken_thread\broken_thread_0029.png,broken_thread,broken_thread,0.8344,FAIL,0.5
C:\Users\Mega Store\OneDrive\Documents\Default Project\capstone\ml\dataset\test\broken_thread\broken_thread_0030.png,broken_thread,broken_thread,0.7292,FAIL,0.5
C:\Users\Mega Store\OneDrive\Documents\Default Project\capstone\ml\dataset\test\broken_thread\broken_thread_0031.png,broken_thread,broken_thread,0.5218,FAIL,0.5
C:\Users\Mega Store\OneDrive\Documents\Default Project\capstone\ml\dataset\test\broken_thread\broken_thread_0032.png,broken_thread,stain,0.3235,FAIL,0.5
C:\Users\Mega Store\OneDrive\Documents\Default Project\capstone\ml\dataset\test\broken_thread\broken_thread_0033.png,broken_thread,broken_thread,0.9349,FAIL,0.5
C:\Users\Mega Store\OneDrive\Documents\Default Project\capstone\ml\dataset\test\broken_thread\broken_thread_0034.png,broken_thread,broken_thread,0.9223,FAIL,0.5
C:\Users\Mega Store\OneDrive\Documents\Default Project\capstone\ml\dataset\test\broken_thread\broken_thread_0035.png,broken_thread,broken_thread,0.7863,FAIL,0.5
C:\Users\Mega Store\OneDrive\Documents\Default Project\capstone\ml\dataset\test\broken_thread\broken_thread_0036.png,broken_thread,broken_thread,0.7815,FAIL,0.5
C:\Users\Mega Store\OneDrive\Documents\Default Project\capstone\ml\dataset\test\broken_thread\broken_thread_0037.png,broken_thread,shade_variation,0.2812,FAIL,0.5
C:\Users\Mega Store\OneDrive\Documents\Default Project\capstone\ml\dataset\test\broken_thread\broken_thread_0038.png,broken_thread,broken_thread,0.4193,FAIL,0.5
C:\Users\Mega Store\OneDrive\Documents\Default Project\capstone\ml\dataset\test\broken_thread\broken_thread_0039.png,broken_thread,broken_thread,0.8802,FAIL,0.5
C:\Users\Mega Store\OneDrive\Documents\Default Project\capstone\ml\dataset\test\broken_thread\broken_thread_0040.png,broken_thread,broken_thread,0.9048,FAIL,0.5
C:\Users\Mega Store\OneDrive\Documents\Default Project\capstone\ml\dataset\test\broken_thread\broken_thread_0041.png,broken_thread,broken_thread,0.7812,FAIL,0.5
C:\Users\Mega Store\OneDrive\Documents\Default Project\capstone\ml\dataset\test\broken_thread\broken_thread_0042.png,broken_thread,broken_thread,0.7968,FAIL,0.5
C:\Users\Mega Store\OneDrive\Documents\Default Project\capstone\ml\dataset\test\broken_thread\broken_thread_0043.png,broken_thread,broken_thread,0.4922,FAIL,0.5
C:\Users\Mega Store\OneDrive\Documents\Default Project\capstone\ml\dataset\test\broken_thread\broken_thread_0044.png,broken_thread,broken_thread,0.4685,FAIL,0.5
C:\Users\Mega Store\OneDrive\Documents\Default Project\capstone\ml\dataset\test\broken_thread\broken_thread_0045.png,broken_thread,broken_thread,0.9303,FAIL,0.5
C:\Users\Mega Store\OneDrive\Documents\Default Project\capstone\ml\dataset\test\broken_thread\broken_thread_0046.png,broken_thread,broken_thread,0.7614,FAIL,0.5
C:\Users\Mega Store\OneDrive\Documents\Default Project\capstone\ml\dataset\test\broken_thread\broken_thread_0047.png,broken_thread,broken_thread,0.8809,FAIL,0.5
C:\Users\Mega Store\OneDrive\Documents\Default Project\capstone\ml\dataset\test\broken_thread\broken_thread_0048.png,broken_thread,broken_thread,0.3451,FAIL,0.5
C:\Users\Mega Store\OneDrive\Documents\Default Project\capstone\ml\dataset\test\broken_thread\broken_thread_0049.png,broken_thread,broken_thread,0.9097,FAIL,0.5
C:\Users\Mega Store\OneDrive\Documents\Default Project\capstone\ml\dataset\test\broken_thread\broken_thread_0050.png,broken_thread,broken_thread,0.3343,FAIL,0.5
C:\Users\Mega Store\OneDrive\Documents\Default Project\capstone\ml\dataset\test\broken_thread\broken_thread_0051.png,broken_thread,broken_thread,0.9208,FAIL,0.5
C:\Users\Mega Store\OneDrive\Documents\Default Project\capstone\ml\dataset\test\broken_thread\broken_thread_0052.png,broken_thread,broken_thread,0.385,FAIL,0.5
C:\Users\Mega Store\OneDrive\Documents\Default Project\capstone\ml\dataset\test\broken_thread\broken_thread_0053.png,broken_thread,shade_variation,0.3162,FAIL,0.5
C:\Users\Mega Store\OneDrive\Documents\Default Project\capstone\ml\dataset\test\broken_thread\broken_thread_0054.png,broken_thread,broken_thread,0.4287,FAIL,0.5
C:\Users\Mega Store\OneDrive\Documents\Default Project\capstone\ml\dataset\test\broken_thread\broken_thread_0055.png,broken_thread,broken_thread,0.9142,FAIL,0.5
C:\Users\Mega Store\OneDrive\Documents\Default Project\capstone\ml\dataset\test\broken_thread\broken_thread_0056.png,broken_thread,broken_thread,0.8815,FAIL,0.5
C:\Users\Mega Store\OneDrive\Documents\Default Project\capstone\ml\dataset\test\broken_thread\broken_thread_0057.png,broken_thread,broken_thread,0.8234,FAIL,0.5
C:\Users\Mega Store\OneDrive\Documents\Default Project\capstone\ml\dataset\test\broken_thread\broken_thread_0058.png,broken_thread,broken_thread,0.7958,FAIL,0.5
C:\Users\Mega Store\OneDrive\Documents\Default Project\capstone\ml\dataset\test\broken_thread\broken_thread_0059.png,broken_thread,shade_variation,0.2561,FAIL,0.5
C:\Users\Mega Store\OneDrive\Documents\Default Project\capstone\ml\dataset\test\broken_thread\broken_thread_0060.png,broken_thread,broken_thread,0.905,FAIL,0.5
C:\Users\Mega Store\OneDrive\Documents\Default Project\capstone\ml\dataset\test\broken_thread\broken_thread_0061.png,broken_thread,broken_thread,0.697,FAIL,0.5
C:\Users\Mega Store\OneDrive\Documents\Default Project\capstone\ml\dataset\test\broken_thread\broken_thread_0062.png,broken_thread,broken_thread,0.9006,FAIL,0.5
C:\Users\Mega Store\OneDrive\Documents\Default Project\capstone\ml\dataset\test\broken_thread\broken_thread_0063.png,broken_thread,broken_thread,0.7897,FAIL,0.5
C:\Users\Mega Store\OneDrive\Documents\Default Project\capstone\ml\dataset\test\broken_thread\broken_thread_0064.png,broken_thread,broken_thread,0.4548,FAIL,0.5
C:\Users\Mega Store\OneDrive\Documents\Default Project\capstone\ml\dataset\test\broken_thread\broken_thread_0065.png,broken_thread,broken_thread,0.8168,FAIL,0.5
C:\Users\Mega Store\OneDrive\Documents\Default Project\capstone\ml\dataset\test\broken_thread\broken_thread_0066.png,broken_thread,broken_thread,0.9163,FAIL,0.5
C:\Users\Mega Store\OneDrive\Documents\Default Project\capstone\ml\dataset\test\broken_thread\broken_thread_0067.png,broken_thread,print_misalignment,0.3211,FAIL,0.5
C:\Users\Mega Store\OneDrive\Documents\Default Project\capstone\ml\dataset\test\broken_thread\broken_thread_0068.png,broken_thread,broken_thread,0.8299,FAIL,0.5
C:\Users\Mega Store\OneDrive\Documents\Default Project\capstone\ml\dataset\test\broken_thread\broken_thread_0069.png,broken_thread,broken_thread,0.8366,FAIL,0.5
C:\Users\Mega Store\OneDrive\Documents\Default Project\capstone\ml\dataset\test\broken_thread\broken_thread_0070.png,broken_thread,broken_thread,0.8831,FAIL,0.5
C:\Users\Mega Store\OneDrive\Documents\Default Project\capstone\ml\dataset\test\broken_thread\broken_thread_0071.png,broken_thread,broken_thread,0.9404,FAIL,0.5
C:\Users\Mega Store\OneDrive\Documents\Default Project\capstone\ml\dataset\test\broken_thread\broken_thread_0072.png,broken_thread,print_misalignment,0.7854,FAIL,0.5
C:\Users\Mega Store\OneDrive\Documents\Default Project\capstone\ml\dataset\test\broken_thread\broken_thread_0073.png,broken_thread,broken_thread,0.2904,FAIL,0.5
C:\Users\Mega Store\OneDrive\Documents\Default Project\capstone\ml\dataset\test\broken_thread\broken_thread_0074.png,broken_thread,broken_thread,0.6157,FAIL,0.5
C:\Users\Mega Store\OneDrive\Documents\Default Project\capstone\ml\dataset\test\shade_variation\shade_variation_0000.png,shade_variation,shade_variation,0.8524,FAIL,0.5
C:\Users\Mega Store\OneDrive\Documents\Default Project\capstone\ml\dataset\test\shade_variation\shade_variation_0001.png,shade_variation,shade_variation,0.8856,FAIL,0.5
C:\Users\Mega Store\OneDrive\Documents\Default Project\capstone\ml\dataset\test\shade_variation\shade_variation_0002.png,shade_variation,shade_variation,0.7114,FAIL,0.5
C:\Users\Mega Store\OneDrive\Documents\Default Project\capstone\ml\dataset\test\shade_variation\shade_variation_0003.png,shade_variation,shade_variation,0.7956,FAIL,0.5
C:\Users\Mega Store\OneDrive\Documents\Default Project\capstone\ml\dataset\test\shade_variation\shade_variation_0004.png,shade_variation,print_misalignment,0.4904,FAIL,0.5
C:\Users\Mega Store\OneDrive\Documents\Default Project\capstone\ml\dataset\test\shade_variation\shade_variation_0005.png,shade_variation,shade_variation,0.8708,FAIL,0.5
C:\Users\Mega Store\OneDrive\Documents\Default Project\capstone\ml\dataset\test\shade_variation\shade_variation_0006.png,shade_variation,shade_variation,0.3262,FAIL,0.5
C:\Users\Mega Store\OneDrive\Documents\Default Project\capstone\ml\dataset\test\shade_variation\shade_variation_0007.png,shade_variation,shade_variation,0.8218,FAIL,0.5
C:\Users\Mega Store\OneDrive\Documents\Default Project\capstone\ml\dataset\test\shade_variation\shade_variation_0008.png,shade_variation,shade_variation,0.417,FAIL,0.5
C:\Users\Mega Store\OneDrive\Documents\Default Project\capstone\ml\dataset\test\shade_variation\shade_variation_0009.png,shade_variation,shade_variation,0.8064,FAIL,0.5
C:\Users\Mega Store\OneDrive\Documents\Default Project\capstone\ml\dataset\test\shade_variation\shade_variation_0010.png,shade_variation,shade_variation,0.9263,FAIL,0.5
C:\Users\Mega Store\OneDrive\Documents\Default Project\capstone\ml\dataset\test\shade_variation\shade_variation_0011.png,shade_variation,stain,0.5196,FAIL,0.5
C:\Users\Mega Store\OneDrive\Documents\Default Project\capstone\ml\dataset\test\shade_variation\shade_variation_0012.png,shade_variation,shade_variation,0.6343,FAIL,0.5
C:\Users\Mega Store\OneDrive\Documents\Default Project\capstone\ml\dataset\test\shade_variation\shade_variation_0013.png,shade_variation,broken_thread,0.4241,FAIL,0.5
C:\Users\Mega Store\OneDrive\Documents\Default Project\capstone\ml\dataset\test\shade_variation\shade_variation_0014.png,shade_variation,stain,0.2917,FAIL,0.5
C:\Users\Mega Store\OneDrive\Documents\Default Project\capstone\ml\dataset\test\shade_variation\shade_variation_0015.png,shade_variation,shade_variation,0.2908,FAIL,0.5
C:\Users\Mega Store\OneDrive\Documents\Default Project\capstone\ml\dataset\test\shade_variation\shade_variation_0016.png,shade_variation,shade_variation,0.5698,FAIL,0.5
C:\Users\Mega Store\OneDrive\Documents\Default Project\capstone\ml\dataset\test\shade_variation\shade_variation_0017.png,shade_variation,shade_variation,0.4492,FAIL,0.5
C:\Users\Mega Store\OneDrive\Documents\Default Project\capstone\ml\dataset\test\shade_variation\shade_variation_0018.png,shade_variation,shade_variation,0.3745,FAIL,0.5
C:\Users\Mega Store\OneDrive\Documents\Default Project\capstone\ml\dataset\test\shade_variation\shade_variation_0019.png,shade_variation,shade_variation,0.3163,FAIL,0.5
C:\Users\Mega Store\OneDrive\Documents\Default Project\capstone\ml\dataset\test\shade_variation\shade_variation_0020.png,shade_variation,shade_variation,0.8321,FAIL,0.5
C:\Users\Mega Store\OneDrive\Documents\Default Project\capstone\ml\dataset\test\shade_variation\shade_variation_0021.png,shade_variation,shade_variation,0.8475,FAIL,0.5
C:\Users\Mega Store\OneDrive\Documents\Default Project\capstone\ml\dataset\test\shade_variation\shade_variation_0022.png,shade_variation,shade_variation,0.7752,FAIL,0.5
C:\Users\Mega Store\OneDrive\Documents\Default Project\capstone\ml\dataset\test\shade_variation\shade_variation_0023.png,shade_variation,shade_variation,0.4165,FAIL,0.5
C:\Users\Mega Store\OneDrive\Documents\Default Project\capstone\ml\dataset\test\shade_variation\shade_variation_0024.png,shade_variation,shade_variation,0.7512,FAIL,0.5
C:\Users\Mega Store\OneDrive\Documents\Default Project\capstone\ml\dataset\test\shade_variation\shade_variation_0025.png,shade_variation,shade_variation,0.6921,FAIL,0.5
C:\Users\Mega Store\OneDrive\Documents\Default Project\capstone\ml\dataset\test\shade_variation\shade_variation_0026.png,shade_variation,shade_variation,0.8935,FAIL,0.5
C:\Users\Mega Store\OneDrive\Documents\Default Project\capstone\ml\dataset\test\shade_variation\shade_variation_0027.png,shade_variation,shade_variation,0.7158,FAIL,0.5
C:\Users\Mega Store\OneDrive\Documents\Default Project\capstone\ml\dataset\test\shade_variation\shade_variation_0028.png,shade_variation,shade_variation,0.8966,FAIL,0.5
C:\Users\Mega Store\OneDrive\Documents\Default Project\capstone\ml\dataset\test\shade_variation\shade_variation_0029.png,shade_variation,shade_variation,0.44,FAIL,0.5
C:\Users\Mega Store\OneDrive\Documents\Default Project\capstone\ml\dataset\test\shade_variation\shade_variation_0030.png,shade_variation,shade_variation,0.5196,FAIL,0.5
C:\Users\Mega Store\OneDrive\Documents\Default Project\capstone\ml\dataset\test\shade_variation\shade_variation_0031.png,shade_variation,shade_variation,0.628,FAIL,0.5
C:\Users\Mega Store\OneDrive\Documents\Default Project\capstone\ml\dataset\test\shade_variation\shade_variation_0032.png,shade_variation,shade_variation,0.8849,FAIL,0.5
C:\Users\Mega Store\OneDrive\Documents\Default Project\capstone\ml\dataset\test\shade_variation\shade_variation_0033.png,shade_variation,shade_variation,0.8841,FAIL,0.5
C:\Users\Mega Store\OneDrive\Documents\Default Project\capstone\ml\dataset\test\shade_variation\shade_variation_0034.png,shade_variation,broken_thread,0.3706,FAIL,0.5
C:\Users\Mega Store\OneDrive\Documents\Default Project\capstone\ml\dataset\test\shade_variation\shade_variation_0035.png,shade_variation,shade_variation,0.4143,FAIL,0.5
C:\Users\Mega Store\OneDrive\Documents\Default Project\capstone\ml\dataset\test\shade_variation\shade_variation_0036.png,shade_variation,shade_variation,0.4155,FAIL,0.5
C:\Users\Mega Store\OneDrive\Documents\Default Project\capstone\ml\dataset\test\shade_variation\shade_variation_0037.png,shade_variation,shade_variation,0.8191,FAIL,0.5
C:\Users\Mega Store\OneDrive\Documents\Default Project\capstone\ml\dataset\test\shade_variation\shade_variation_0038.png,shade_variation,shade_variation,0.8039,FAIL,0.5
C:\Users\Mega Store\OneDrive\Documents\Default Project\capstone\ml\dataset\test\shade_variation\shade_variation_0039.png,shade_variation,stain,0.3454,FAIL,0.5
C:\Users\Mega Store\OneDrive\Documents\Default Project\capstone\ml\dataset\test\shade_variation\shade_variation_0040.png,shade_variation,shade_variation,0.9413,FAIL,0.5
C:\Users\Mega Store\OneDrive\Documents\Default Project\capstone\ml\dataset\test\shade_variation\shade_variation_0041.png,shade_variation,shade_variation,0.7671,FAIL,0.5
C:\Users\Mega Store\OneDrive\Documents\Default Project\capstone\ml\dataset\test\shade_variation\shade_variation_0042.png,shade_variation,print_misalignment,0.3404,FAIL,0.5
C:\Users\Mega Store\OneDrive\Documents\Default Project\capstone\ml\dataset\test\shade_variation\shade_variation_0043.png,shade_variation,shade_variation,0.8876,FAIL,0.5
C:\Users\Mega Store\OneDrive\Documents\Default Project\capstone\ml\dataset\test\shade_variation\shade_variation_0044.png,shade_variation,shade_variation,0.326,FAIL,0.5
C:\Users\Mega Store\OneDrive\Documents\Default Project\capstone\ml\dataset\test\shade_variation\shade_variation_0045.png,shade_variation,shade_variation,0.9048,FAIL,0.5
C:\Users\Mega Store\OneDrive\Documents\Default Project\capstone\ml\dataset\test\shade_variation\shade_variation_0046.png,shade_variation,shade_variation,0.8276,FAIL,0.5
C:\Users\Mega Store\OneDrive\Documents\Default Project\capstone\ml\dataset\test\shade_variation\shade_variation_0047.png,shade_variation,shade_variation,0.6204,FAIL,0.5
C:\Users\Mega Store\OneDrive\Documents\Default Project\capstone\ml\dataset\test\shade_variation\shade_variation_0048.png,shade_variation,broken_thread,0.3291,FAIL,0.5
C:\Users\Mega Store\OneDrive\Documents\Default Project\capstone\ml\dataset\test\shade_variation\shade_variation_0049.png,shade_variation,shade_variation,0.8455,FAIL,0.5
C:\Users\Mega Store\OneDrive\Documents\Default Project\capstone\ml\dataset\test\shade_variation\shade_variation_0050.png,shade_variation,shade_variation,0.8555,FAIL,0.5
C:\Users\Mega Store\OneDrive\Documents\Default Project\capstone\ml\dataset\test\shade_variation\shade_variation_0051.png,shade_variation,print_misalignment,0.4165,FAIL,0.5
C:\Users\Mega Store\OneDrive\Documents\Default Project\capstone\ml\dataset\test\shade_variation\shade_variation_0052.png,shade_variation,shade_variation,0.8102,FAIL,0.5
C:\Users\Mega Store\OneDrive\Documents\Default Project\capstone\ml\dataset\test\shade_variation\shade_variation_0053.png,shade_variation,broken_thread,0.3589,FAIL,0.5
C:\Users\Mega Store\OneDrive\Documents\Default Project\capstone\ml\dataset\test\shade_variation\shade_variation_0054.png,shade_variation,broken_thread,0.3188,FAIL,0.5
C:\Users\Mega Store\OneDrive\Documents\Default Project\capstone\ml\dataset\test\shade_variation\shade_variation_0055.png,shade_variation,print_misalignment,0.4274,FAIL,0.5
C:\Users\Mega Store\OneDrive\Documents\Default Project\capstone\ml\dataset\test\shade_variation\shade_variation_0056.png,shade_variation,shade_variation,0.8046,FAIL,0.5
C:\Users\Mega Store\OneDrive\Documents\Default Project\capstone\ml\dataset\test\shade_variation\shade_variation_0057.png,shade_variation,shade_variation,0.8065,FAIL,0.5
C:\Users\Mega Store\OneDrive\Documents\Default Project\capstone\ml\dataset\test\shade_variation\shade_variation_0058.png,shade_variation,print_misalignment,0.5253,FAIL,0.5
C:\Users\Mega Store\OneDrive\Documents\Default Project\capstone\ml\dataset\test\shade_variation\shade_variation_0059.png,shade_variation,shade_variation,0.5682,FAIL,0.5
C:\Users\Mega Store\OneDrive\Documents\Default Project\capstone\ml\dataset\test\shade_variation\shade_variation_0060.png,shade_variation,shade_variation,0.7229,FAIL,0.5
C:\Users\Mega Store\OneDrive\Documents\Default Project\capstone\ml\dataset\test\shade_variation\shade_variation_0061.png,shade_variation,print_misalignment,0.3555,FAIL,0.5
C:\Users\Mega Store\OneDrive\Documents\Default Project\capstone\ml\dataset\test\shade_variation\shade_variation_0062.png,shade_variation,shade_variation,0.8522,FAIL,0.5
C:\Users\Mega Store\OneDrive\Documents\Default Project\capstone\ml\dataset\test\shade_variation\shade_variation_0063.png,shade_variation,print_misalignment,0.329,FAIL,0.5
C:\Users\Mega Store\OneDrive\Documents\Default Project\capstone\ml\dataset\test\shade_variation\shade_variation_0064.png,shade_variation,shade_variation,0.2684,FAIL,0.5
C:\Users\Mega Store\OneDrive\Documents\Default Project\capstone\ml\dataset\test\shade_variation\shade_variation_0065.png,shade_variation,shade_variation,0.5045,FAIL,0.5
C:\Users\Mega Store\OneDrive\Documents\Default Project\capstone\ml\dataset\test\shade_variation\shade_variation_0066.png,shade_variation,shade_variation,0.7379,FAIL,0.5
C:\Users\Mega Store\OneDrive\Documents\Default Project\capstone\ml\dataset\test\shade_variation\shade_variation_0067.png,shade_variation,shade_variation,0.4304,FAIL,0.5
C:\Users\Mega Store\OneDrive\Documents\Default Project\capstone\ml\dataset\test\shade_variation\shade_variation_0068.png,shade_variation,shade_variation,0.8827,FAIL,0.5
C:\Users\Mega Store\OneDrive\Documents\Default Project\capstone\ml\dataset\test\shade_variation\shade_variation_0069.png,shade_variation,broken_thread,0.2907,FAIL,0.5
C:\Users\Mega Store\OneDrive\Documents\Default Project\capstone\ml\dataset\test\shade_variation\shade_variation_0070.png,shade_variation,shade_variation,0.877,FAIL,0.5
C:\Users\Mega Store\OneDrive\Documents\Default Project\capstone\ml\dataset\test\shade_variation\shade_variation_0071.png,shade_variation,shade_variation,0.8809,FAIL,0.5
C:\Users\Mega Store\OneDrive\Documents\Default Project\capstone\ml\dataset\test\shade_variation\shade_variation_0072.png,shade_variation,shade_variation,0.8126,FAIL,0.5
C:\Users\Mega Store\OneDrive\Documents\Default Project\capstone\ml\dataset\test\shade_variation\shade_variation_0073.png,shade_variation,broken_thread,0.4694,FAIL,0.5
C:\Users\Mega Store\OneDrive\Documents\Default Project\capstone\ml\dataset\test\shade_variation\shade_variation_0074.png,shade_variation,shade_variation,0.8167,FAIL,0.5
C:\Users\Mega Store\OneDrive\Documents\Default Project\capstone\ml\dataset\test\print_misalignment\print_misalignment_0000.png,print_misalignment,print_misalignment,0.685,FAIL,0.5
C:\Users\Mega Store\OneDrive\Documents\Default Project\capstone\ml\dataset\test\print_misalignment\print_misalignment_0001.png,print_misalignment,print_misalignment,0.9201,FAIL,0.5
C:\Users\Mega Store\OneDrive\Documents\Default Project\capstone\ml\dataset\test\print_misalignment\print_misalignment_0002.png,print_misalignment,print_misalignment,0.5301,FAIL,0.5
C:\Users\Mega Store\OneDrive\Documents\Default Project\capstone\ml\dataset\test\print_misalignment\print_misalignment_0003.png,print_misalignment,print_misalignment,0.73,FAIL,0.5
C:\Users\Mega Store\OneDrive\Documents\Default Project\capstone\ml\dataset\test\print_misalignment\print_misalignment_0004.png,print_misalignment,print_misalignment,0.9341,FAIL,0.5
C:\Users\Mega Store\OneDrive\Documents\Default Project\capstone\ml\dataset\test\print_misalignment\print_misalignment_0005.png,print_misalignment,print_misalignment,0.909,FAIL,0.5
C:\Users\Mega Store\OneDrive\Documents\Default Project\capstone\ml\dataset\test\print_misalignment\print_misalignment_0006.png,print_misalignment,print_misalignment,0.6317,FAIL,0.5
C:\Users\Mega Store\OneDrive\Documents\Default Project\capstone\ml\dataset\test\print_misalignment\print_misalignment_0007.png,print_misalignment,print_misalignment,0.7186,FAIL,0.5
C:\Users\Mega Store\OneDrive\Documents\Default Project\capstone\ml\dataset\test\print_misalignment\print_misalignment_0008.png,print_misalignment,print_misalignment,0.7257,FAIL,0.5
C:\Users\Mega Store\OneDrive\Documents\Default Project\capstone\ml\dataset\test\print_misalignment\print_misalignment_0009.png,print_misalignment,print_misalignment,0.86,FAIL,0.5
C:\Users\Mega Store\OneDrive\Documents\Default Project\capstone\ml\dataset\test\print_misalignment\print_misalignment_0010.png,print_misalignment,print_misalignment,0.9051,FAIL,0.5
C:\Users\Mega Store\OneDrive\Documents\Default Project\capstone\ml\dataset\test\print_misalignment\print_misalignment_0011.png,print_misalignment,print_misalignment,0.5281,FAIL,0.5
C:\Users\Mega Store\OneDrive\Documents\Default Project\capstone\ml\dataset\test\print_misalignment\print_misalignment_0012.png,print_misalignment,print_misalignment,0.6835,FAIL,0.5
C:\Users\Mega Store\OneDrive\Documents\Default Project\capstone\ml\dataset\test\print_misalignment\print_misalignment_0013.png,print_misalignment,print_misalignment,0.8427,FAIL,0.5
C:\Users\Mega Store\OneDrive\Documents\Default Project\capstone\ml\dataset\test\print_misalignment\print_misalignment_0014.png,print_misalignment,print_misalignment,0.8617,FAIL,0.5
C:\Users\Mega Store\OneDrive\Documents\Default Project\capstone\ml\dataset\test\print_misalignment\print_misalignment_0015.png,print_misalignment,print_misalignment,0.6192,FAIL,0.5
C:\Users\Mega Store\OneDrive\Documents\Default Project\capstone\ml\dataset\test\print_misalignment\print_misalignment_0016.png,print_misalignment,print_misalignment,0.6907,FAIL,0.5
C:\Users\Mega Store\OneDrive\Documents\Default Project\capstone\ml\dataset\test\print_misalignment\print_misalignment_0017.png,print_misalignment,print_misalignment,0.3612,FAIL,0.5
C:\Users\Mega Store\OneDrive\Documents\Default Project\capstone\ml\dataset\test\print_misalignment\print_misalignment_0018.png,print_misalignment,print_misalignment,0.9692,FAIL,0.5
C:\Users\Mega Store\OneDrive\Documents\Default Project\capstone\ml\dataset\test\print_misalignment\print_misalignment_0019.png,print_misalignment,print_misalignment,0.6953,FAIL,0.5
C:\Users\Mega Store\OneDrive\Documents\Default Project\capstone\ml\dataset\test\print_misalignment\print_misalignment_0020.png,print_misalignment,print_misalignment,0.5706,FAIL,0.5
C:\Users\Mega Store\OneDrive\Documents\Default Project\capstone\ml\dataset\test\print_misalignment\print_misalignment_0021.png,print_misalignment,print_misalignment,0.8264,FAIL,0.5
C:\Users\Mega Store\OneDrive\Documents\Default Project\capstone\ml\dataset\test\print_misalignment\print_misalignment_0022.png,print_misalignment,print_misalignment,0.805,FAIL,0.5
C:\Users\Mega Store\OneDrive\Documents\Default Project\capstone\ml\dataset\test\print_misalignment\print_misalignment_0023.png,print_misalignment,print_misalignment,0.681,FAIL,0.5
C:\Users\Mega Store\OneDrive\Documents\Default Project\capstone\ml\dataset\test\print_misalignment\print_misalignment_0024.png,print_misalignment,print_misalignment,0.7652,FAIL,0.5
C:\Users\Mega Store\OneDrive\Documents\Default Project\capstone\ml\dataset\test\print_misalignment\print_misalignment_0025.png,print_misalignment,print_misalignment,0.9321,FAIL,0.5
C:\Users\Mega Store\OneDrive\Documents\Default Project\capstone\ml\dataset\test\print_misalignment\print_misalignment_0026.png,print_misalignment,print_misalignment,0.5501,FAIL,0.5
C:\Users\Mega Store\OneDrive\Documents\Default Project\capstone\ml\dataset\test\print_misalignment\print_misalignment_0027.png,print_misalignment,print_misalignment,0.6067,FAIL,0.5
C:\Users\Mega Store\OneDrive\Documents\Default Project\capstone\ml\dataset\test\print_misalignment\print_misalignment_0028.png,print_misalignment,print_misalignment,0.4071,FAIL,0.5
C:\Users\Mega Store\OneDrive\Documents\Default Project\capstone\ml\dataset\test\print_misalignment\print_misalignment_0029.png,print_misalignment,print_misalignment,0.971,FAIL,0.5
C:\Users\Mega Store\OneDrive\Documents\Default Project\capstone\ml\dataset\test\print_misalignment\print_misalignment_0030.png,print_misalignment,print_misalignment,0.797,FAIL,0.5
C:\Users\Mega Store\OneDrive\Documents\Default Project\capstone\ml\dataset\test\print_misalignment\print_misalignment_0031.png,print_misalignment,print_misalignment,0.6787,FAIL,0.5
C:\Users\Mega Store\OneDrive\Documents\Default Project\capstone\ml\dataset\test\print_misalignment\print_misalignment_0032.png,print_misalignment,print_misalignment,0.5972,FAIL,0.5
C:\Users\Mega Store\OneDrive\Documents\Default Project\capstone\ml\dataset\test\print_misalignment\print_misalignment_0033.png,print_misalignment,print_misalignment,0.9602,FAIL,0.5
C:\Users\Mega Store\OneDrive\Documents\Default Project\capstone\ml\dataset\test\print_misalignment\print_misalignment_0034.png,print_misalignment,print_misalignment,0.8121,FAIL,0.5
C:\Users\Mega Store\OneDrive\Documents\Default Project\capstone\ml\dataset\test\print_misalignment\print_misalignment_0035.png,print_misalignment,print_misalignment,0.9835,FAIL,0.5
C:\Users\Mega Store\OneDrive\Documents\Default Project\capstone\ml\dataset\test\print_misalignment\print_misalignment_0036.png,print_misalignment,print_misalignment,0.7062,FAIL,0.5
C:\Users\Mega Store\OneDrive\Documents\Default Project\capstone\ml\dataset\test\print_misalignment\print_misalignment_0037.png,print_misalignment,print_misalignment,0.7918,FAIL,0.5
C:\Users\Mega Store\OneDrive\Documents\Default Project\capstone\ml\dataset\test\print_misalignment\print_misalignment_0038.png,print_misalignment,print_misalignment,0.6192,FAIL,0.5
C:\Users\Mega Store\OneDrive\Documents\Default Project\capstone\ml\dataset\test\print_misalignment\print_misalignment_0039.png,print_misalignment,print_misalignment,0.6849,FAIL,0.5
C:\Users\Mega Store\OneDrive\Documents\Default Project\capstone\ml\dataset\test\print_misalignment\print_misalignment_0040.png,print_misalignment,print_misalignment,0.9481,FAIL,0.5
C:\Users\Mega Store\OneDrive\Documents\Default Project\capstone\ml\dataset\test\print_misalignment\print_misalignment_0041.png,print_misalignment,print_misalignment,0.9655,FAIL,0.5
C:\Users\Mega Store\OneDrive\Documents\Default Project\capstone\ml\dataset\test\print_misalignment\print_misalignment_0042.png,print_misalignment,print_misalignment,0.5335,FAIL,0.5
C:\Users\Mega Store\OneDrive\Documents\Default Project\capstone\ml\dataset\test\print_misalignment\print_misalignment_0043.png,print_misalignment,print_misalignment,0.8928,FAIL,0.5
C:\Users\Mega Store\OneDrive\Documents\Default Project\capstone\ml\dataset\test\print_misalignment\print_misalignment_0044.png,print_misalignment,print_misalignment,0.8703,FAIL,0.5
C:\Users\Mega Store\OneDrive\Documents\Default Project\capstone\ml\dataset\test\print_misalignment\print_misalignment_0045.png,print_misalignment,print_misalignment,0.9423,FAIL,0.5
C:\Users\Mega Store\OneDrive\Documents\Default Project\capstone\ml\dataset\test\print_misalignment\print_misalignment_0046.png,print_misalignment,print_misalignment,0.9713,FAIL,0.5
C:\Users\Mega Store\OneDrive\Documents\Default Project\capstone\ml\dataset\test\print_misalignment\print_misalignment_0047.png,print_misalignment,print_misalignment,0.5379,FAIL,0.5
C:\Users\Mega Store\OneDrive\Documents\Default Project\capstone\ml\dataset\test\print_misalignment\print_misalignment_0048.png,print_misalignment,print_misalignment,0.8274,FAIL,0.5
C:\Users\Mega Store\OneDrive\Documents\Default Project\capstone\ml\dataset\test\print_misalignment\print_misalignment_0049.png,print_misalignment,print_misalignment,0.9612,FAIL,0.5
C:\Users\Mega Store\OneDrive\Documents\Default Project\capstone\ml\dataset\test\print_misalignment\print_misalignment_0050.png,print_misalignment,print_misalignment,0.6898,FAIL,0.5
C:\Users\Mega Store\OneDrive\Documents\Default Project\capstone\ml\dataset\test\print_misalignment\print_misalignment_0051.png,print_misalignment,hole,0.2687,FAIL,0.5
C:\Users\Mega Store\OneDrive\Documents\Default Project\capstone\ml\dataset\test\print_misalignment\print_misalignment_0052.png,print_misalignment,print_misalignment,0.758,FAIL,0.5
C:\Users\Mega Store\OneDrive\Documents\Default Project\capstone\ml\dataset\test\print_misalignment\print_misalignment_0053.png,print_misalignment,print_misalignment,0.9205,FAIL,0.5
C:\Users\Mega Store\OneDrive\Documents\Default Project\capstone\ml\dataset\test\print_misalignment\print_misalignment_0054.png,print_misalignment,print_misalignment,0.9031,FAIL,0.5
C:\Users\Mega Store\OneDrive\Documents\Default Project\capstone\ml\dataset\test\print_misalignment\print_misalignment_0055.png,print_misalignment,print_misalignment,0.7052,FAIL,0.5
C:\Users\Mega Store\OneDrive\Documents\Default Project\capstone\ml\dataset\test\print_misalignment\print_misalignment_0056.png,print_misalignment,print_misalignment,0.9331,FAIL,0.5
C:\Users\Mega Store\OneDrive\Documents\Default Project\capstone\ml\dataset\test\print_misalignment\print_misalignment_0057.png,print_misalignment,print_misalignment,0.455,FAIL,0.5
C:\Users\Mega Store\OneDrive\Documents\Default Project\capstone\ml\dataset\test\print_misalignment\print_misalignment_0058.png,print_misalignment,print_misalignment,0.9619,FAIL,0.5
C:\Users\Mega Store\OneDrive\Documents\Default Project\capstone\ml\dataset\test\print_misalignment\print_misalignment_0059.png,print_misalignment,print_misalignment,0.8382,FAIL,0.5
C:\Users\Mega Store\OneDrive\Documents\Default Project\capstone\ml\dataset\test\print_misalignment\print_misalignment_0060.png,print_misalignment,print_misalignment,0.353,FAIL,0.5
C:\Users\Mega Store\OneDrive\Documents\Default Project\capstone\ml\dataset\test\print_misalignment\print_misalignment_0061.png,print_misalignment,print_misalignment,0.9831,FAIL,0.5
C:\Users\Mega Store\OneDrive\Documents\Default Project\capstone\ml\dataset\test\print_misalignment\print_misalignment_0062.png,print_misalignment,print_misalignment,0.8471,FAIL,0.5
C:\Users\Mega Store\OneDrive\Documents\Default Project\capstone\ml\dataset\test\print_misalignment\print_misalignment_0063.png,print_misalignment,print_misalignment,0.9544,FAIL,0.5
C:\Users\Mega Store\OneDrive\Documents\Default Project\capstone\ml\dataset\test\print_misalignment\print_misalignment_0064.png,print_misalignment,print_misalignment,0.4079,FAIL,0.5
C:\Users\Mega Store\OneDrive\Documents\Default Project\capstone\ml\dataset\test\print_misalignment\print_misalignment_0065.png,print_misalignment,print_misalignment,0.3873,FAIL,0.5
C:\Users\Mega Store\OneDrive\Documents\Default Project\capstone\ml\dataset\test\print_misalignment\print_misalignment_0066.png,print_misalignment,print_misalignment,0.9835,FAIL,0.5
C:\Users\Mega Store\OneDrive\Documents\Default Project\capstone\ml\dataset\test\print_misalignment\print_misalignment_0067.png,print_misalignment,print_misalignment,0.6988,FAIL,0.5
C:\Users\Mega Store\OneDrive\Documents\Default Project\capstone\ml\dataset\test\print_misalignment\print_misalignment_0068.png,print_misalignment,print_misalignment,0.7718,FAIL,0.5
C:\Users\Mega Store\OneDrive\Documents\Default Project\capstone\ml\dataset\test\print_misalignment\print_misalignment_0069.png,print_misalignment,print_misalignment,0.9397,FAIL,0.5
C:\Users\Mega Store\OneDrive\Documents\Default Project\capstone\ml\dataset\test\print_misalignment\print_misalignment_0070.png,print_misalignment,print_misalignment,0.9679,FAIL,0.5
C:\Users\Mega Store\OneDrive\Documents\Default Project\capstone\ml\dataset\test\print_misalignment\print_misalignment_0071.png,print_misalignment,print_misalignment,0.919,FAIL,0.5
C:\Users\Mega Store\OneDrive\Documents\Default Project\capstone\ml\dataset\test\print_misalignment\print_misalignment_0072.png,print_misalignment,print_misalignment,0.5578,FAIL,0.5
C:\Users\Mega Store\OneDrive\Documents\Default Project\capstone\ml\dataset\test\print_misalignment\print_misalignment_0073.png,print_misalignment,print_misalignment,0.4974,FAIL,0.5
C:\Users\Mega Store\OneDrive\Documents\Default Project\capstone\ml\dataset\test\print_misalignment\print_misalignment_0074.png,print_misalignment,print_misalignment,0.8434,FAIL,0.5
